name,validity
1.jpg,eye
2.jpg,eye
3.jpg,eye
4.jpg,eye
5.jpg,eye
6.jpg,eye
7.jpg,eye
8.jpg,eye
9.jpg,eye
10.jpg,eye
11.jpg,eye
12.jpg,eye
13.jpg,eye
14.jpg,eye
15.jpg,eye
16.jpg,eye
17.jpg,eye
18.jpg,eye
19.jpg,eye
20.jpg,eye
21.jpg,eye
22.jpg,eye
23.jpg,eye
24.jpg,eye
25.jpg,eye
26.jpg,eye
27.jpg,eye
28.jpg,eye
29.jpg,eye
30.jpg,eye
31.jpg,eye
32.jpg,eye
33.jpg,eye
34.jpg,eye
35.jpg,eye
36.jpg,eye
37.jpg,eye
38.jpg,eye
39.jpg,eye
40.jpg,eye
41.jpg,eye
42.jpg,eye
43.jpg,eye
44.jpg,eye
45.jpg,eye
46.jpg,eye
47.jpg,eye
48.jpg,eye
49.jpg,eye
50.jpg,eye
51.jpg,eye
52.jpg,eye
53.jpg,eye
54.jpg,eye
55.jpg,eye
56.jpg,eye
57.jpg,eye
58.jpg,eye
59.jpg,eye
60.jpg,eye
61.jpg,eye
62.jpg,eye
63.jpg,eye
64.jpg,eye
65.jpg,eye
66.jpg,eye
67.jpg,eye
68.jpg,eye
69.jpg,eye
70.jpg,eye
71.jpg,eye
72.jpg,eye
73.jpg,eye
74.jpg,eye
75.jpg,eye
76.jpg,eye
77.jpg,eye
78.jpg,eye
79.jpg,eye
80.jpg,eye
81.jpg,eye
82.jpg,eye
83.jpg,eye
84.jpg,eye
85.jpg,eye
86.jpg,eye
87.jpg,eye
88.jpg,eye
89.jpg,eye
90.jpg,eye
91.jpg,eye
92.jpg,eye
93.jpg,eye
94.jpg,eye
95.jpg,eye
96.jpg,eye
97.jpg,eye
98.jpg,eye
99.jpg,eye
100.jpg,eye
101.jpg,eye
102.jpg,eye
103.jpg,eye
104.jpg,eye
105.jpg,eye
106.jpg,eye
107.jpg,eye
108.jpg,eye
109.jpg,eye
110.jpg,eye
111.jpg,eye
112.jpg,eye
113.jpg,eye
114.jpg,eye
115.jpg,eye
116.jpg,eye
117.jpg,eye
118.jpg,eye
119.jpg,eye
120.jpg,eye
121.jpg,eye
122.jpg,eye
123.jpg,eye
124.jpg,eye
125.jpg,eye
126.jpg,eye
127.jpg,eye
128.jpg,eye
129.jpg,eye
130.jpg,eye
131.jpg,eye
132.jpg,eye
133.jpg,eye
134.jpg,eye
135.jpg,eye
136.jpg,eye
137.jpg,eye
138.jpg,eye
139.jpg,eye
140.jpg,eye
141.jpg,eye
142.jpg,eye
143.jpg,eye
144.jpg,eye
145.jpg,eye
146.jpg,eye
147.jpg,eye
148.jpg,eye
149.jpg,eye
150.jpg,eye
151.jpg,eye
152.jpg,eye
153.jpg,eye
154.jpg,eye
155.jpg,eye
156.jpg,eye
157.jpg,eye
158.jpg,eye
159.jpg,eye
160.jpg,eye
161.jpg,eye
162.jpg,eye
163.jpg,eye
164.jpg,eye
165.jpg,eye
166.jpg,eye
167.jpg,eye
168.jpg,eye
169.jpg,eye
170.jpg,eye
171.jpg,eye
172.jpg,eye
173.jpg,eye
174.jpg,eye
175.jpg,eye
176.jpg,eye
177.jpg,eye
178.jpg,eye
179.jpg,eye
180.jpg,eye
181.jpg,eye
182.jpg,eye
183.jpg,eye
184.jpg,eye
185.jpg,eye
186.jpg,eye
187.jpg,eye
188.jpg,eye
189.jpg,eye
190.jpg,eye
191.jpg,eye
192.jpg,eye
193.jpg,eye
194.jpg,eye
195.jpg,eye
196.jpg,eye
197.jpg,eye
198.jpg,eye
199.jpg,eye
200.jpg,eye
201.jpg,eye
202.jpg,eye
203.jpg,eye
204.jpg,eye
205.jpg,eye
206.jpg,eye
207.jpg,eye
208.jpg,eye
209.jpg,eye
210.jpg,eye
211.jpg,eye
212.jpg,eye
213.jpg,eye
214.jpg,eye
215.jpg,eye
216.jpg,eye
217.jpg,eye
218.jpg,eye
219.jpg,eye
220.jpg,eye
221.jpg,eye
222.jpg,eye
223.jpg,eye
224.jpg,eye
225.jpg,eye
226.jpg,eye
227.jpg,eye
228.jpg,eye
229.jpg,eye
230.jpg,eye
231.jpg,eye
232.jpg,eye
233.jpg,eye
234.jpg,eye
235.jpg,eye
236.jpg,eye
237.jpg,eye
238.jpg,eye
239.jpg,eye
240.jpg,eye
241.jpg,eye
242.jpg,eye
243.jpg,eye
244.jpg,eye
245.jpg,eye
246.jpg,eye
247.jpg,eye
248.jpg,eye
249.jpg,eye
250.jpg,eye
251.jpg,eye
252.jpg,eye
253.jpg,eye
254.jpg,eye
255.jpg,eye
256.jpg,eye
257.jpg,eye
258.jpg,eye
259.jpg,eye
260.jpg,eye
normaleye_00001.jpg,eye
normaleye_00002.jpg,eye
normaleye_00003.jpg,eye
normaleye_00004.jpg,eye
normaleye_00005.jpg,eye
normaleye_00006.jpg,eye
normaleye_00007.jpg,eye
normaleye_00008.jpg,eye
normaleye_00009.jpg,eye
normaleye_00010.jpg,eye
normaleye_00011.jpg,eye
normaleye_00012.jpg,eye
normaleye_00013.jpg,eye
normaleye_00014.jpg,eye
normaleye_00015.jpg,eye
normaleye_00016.jpg,eye
normaleye_00017.jpg,eye
normaleye_00018.jpg,eye
normaleye_00019.jpg,eye
normaleye_00020.jpg,eye
normaleye_00021.jpg,eye
normaleye_00022.jpg,eye
normaleye_00023.jpg,eye
normaleye_00024.jpg,eye
normaleye_00025.jpg,eye
normaleye_00026.jpg,eye
normaleye_00027.jpg,eye
normaleye_00028.jpg,eye
normaleye_00029.jpg,eye
normaleye_00030.jpg,eye
normaleye_00031.jpg,eye
normaleye_00032.jpg,eye
normaleye_00033.jpg,eye
normaleye_00034.jpg,eye
normaleye_00035.jpg,eye
normaleye_00036.jpg,eye
normaleye_00037.jpg,eye
normaleye_00038.jpg,eye
normaleye_00039.jpg,eye
normaleye_00040.jpg,eye
normaleye_00041.jpg,eye
normaleye_00042.jpg,eye
normaleye_00043.jpg,eye
normaleye_00044.jpg,eye
normaleye_00045.jpg,eye
normaleye_00046.jpg,eye
normaleye_00047.jpg,eye
normaleye_00048.jpg,eye
normaleye_00049.jpg,eye
normaleye_00050.jpg,eye
normaleye_00051.jpg,eye
normaleye_00052.jpg,eye
normaleye_00053.jpg,eye
normaleye_00054.jpg,eye
normaleye_00055.jpg,eye
normaleye_00056.jpg,eye
normaleye_00057.jpg,eye
normaleye_00058.jpg,eye
normaleye_00059.jpg,eye
normaleye_00060.jpg,eye
normaleye_00061.jpg,eye
normaleye_00062.jpg,eye
normaleye_00063.jpg,eye
normaleye_00064.jpg,eye
normaleye_00065.jpg,eye
normaleye_00066.jpg,eye
normaleye_00067.jpg,eye
normaleye_00068.jpg,eye
normaleye_00069.jpg,eye
normaleye_00070.jpg,eye
normaleye_00071.jpg,eye
normaleye_00072.jpg,eye
normaleye_00073.jpg,eye
normaleye_00074.jpg,eye
normaleye_00075.jpg,eye
normaleye_00076.jpg,eye
normaleye_00077.jpg,eye
normaleye_00078.jpg,eye
normaleye_00079.jpg,eye
normaleye_00080.jpg,eye
normaleye_00081.jpg,eye
normaleye_00082.jpg,eye
normaleye_00083.jpg,eye
normaleye_00084.jpg,eye
normaleye_00085.jpg,eye
normaleye_00086.jpg,eye
normaleye_00087.jpg,eye
normaleye_00088.jpg,eye
normaleye_00089.jpg,eye
normaleye_00090.jpg,eye
normaleye_00091.jpg,eye
normaleye_00092.jpg,eye
normaleye_00093.jpg,eye
normaleye_00094.jpg,eye
normaleye_00095.jpg,eye
normaleye_00096.jpg,eye
normaleye_00097.jpg,eye
normaleye_00098.jpg,eye
normaleye_00099.jpg,eye
normaleye_00100.jpg,eye
normaleye_00101.jpg,eye
normaleye_00102.jpg,eye
normaleye_00103.jpg,eye
normaleye_00104.jpg,eye
normaleye_00105.jpg,eye
normaleye_00106.jpg,eye
normaleye_00107.jpg,eye
normaleye_00108.jpg,eye
normaleye_00109.jpg,eye
normaleye_00110.jpg,eye
normaleye_00111.jpg,eye
normaleye_00112.jpg,eye
normaleye_00113.jpg,eye
normaleye_00114.jpg,eye
normaleye_00115.jpg,eye
normaleye_00116.jpg,eye
normaleye_00117.jpg,eye
normaleye_00118.jpg,eye
normaleye_00119.jpg,eye
normaleye_00120.jpg,eye
normaleye_00121.jpg,eye
normaleye_00122.jpg,eye
normaleye_00123.jpg,eye
normaleye_00124.jpg,eye
normaleye_00125.jpg,eye
normaleye_00126.jpg,eye
normaleye_00127.jpg,eye
normaleye_00128.jpg,eye
normaleye_00129.jpg,eye
normaleye_00130.jpg,eye
normaleye_00131.jpg,eye
normaleye_00132.jpg,eye
normaleye_00133.jpg,eye
normaleye_00134.jpg,eye
normaleye_00135.jpg,eye
normaleye_00136.jpg,eye
normaleye_00137.jpg,eye
normaleye_00138.jpg,eye
normaleye_00139.jpg,eye
normaleye_00140.jpg,eye
normaleye_00141.jpg,eye
normaleye_00142.jpg,eye
normaleye_00143.jpg,eye
normaleye_00144.jpg,eye
normaleye_00145.jpg,eye
normaleye_00146.jpg,eye
normaleye_00147.jpg,eye
normaleye_00148.jpg,eye
normaleye_00149.jpg,eye
normaleye_00150.jpg,eye
normaleye_00151.jpg,eye
normaleye_00152.jpg,eye
normaleye_00153.jpg,eye
normaleye_00154.jpg,eye
normaleye_00155.jpg,eye
normaleye_00156.jpg,eye
normaleye_00157.jpg,eye
normaleye_00158.jpg,eye
normaleye_00159.jpg,eye
normaleye_00160.jpg,eye
normaleye_00161.jpg,eye
normaleye_00162.jpg,eye
normaleye_00163.jpg,eye
normaleye_00164.jpg,eye
normaleye_00165.jpg,eye
normaleye_00166.jpg,eye
normaleye_00167.jpg,eye
normaleye_00168.jpg,eye
normaleye_00169.jpg,eye
normaleye_00170.jpg,eye
normaleye_00171.jpg,eye
normaleye_00172.jpg,eye
normaleye_00173.jpg,eye
normaleye_00174.jpg,eye
normaleye_00175.jpg,eye
normaleye_00176.jpg,eye
normaleye_00177.jpg,eye
normaleye_00178.jpg,eye
normaleye_00179.jpg,eye
normaleye_00180.jpg,eye
normaleye_00181.jpg,eye
normaleye_00182.jpg,eye
normaleye_00183.jpg,eye
normaleye_00184.jpg,eye
normaleye_00185.jpg,eye
normaleye_00186.jpg,eye
normaleye_00187.jpg,eye
normaleye_00188.jpg,eye
normaleye_00189.jpg,eye
normaleye_00190.jpg,eye
normaleye_00191.jpg,eye
normaleye_00192.jpg,eye
normaleye_00193.jpg,eye
normaleye_00194.jpg,eye
normaleye_00195.jpg,eye
normaleye_00196.jpg,eye
normaleye_00197.jpg,eye
normaleye_00198.jpg,eye
normaleye_00199.jpg,eye
normaleye_00200.jpg,eye
neg_00001.jpg,non-eye
neg_00002.jpg,non-eye
neg_00003.jpg,non-eye
neg_00004.jpg,non-eye
neg_00005.jpg,non-eye
neg_00006.jpg,non-eye
neg_00007.jpg,non-eye
neg_00008.jpg,non-eye
neg_00009.jpg,non-eye
neg_00010.jpg,non-eye
neg_00011.jpg,non-eye
neg_00012.jpg,non-eye
neg_00013.jpg,non-eye
neg_00014.jpg,non-eye
neg_00015.jpg,non-eye
neg_00016.jpg,non-eye
neg_00017.jpg,non-eye
neg_00018.jpg,non-eye
neg_00019.jpg,non-eye
neg_00020.jpg,non-eye
neg_00021.jpg,non-eye
neg_00022.jpg,non-eye
neg_00023.jpg,non-eye
neg_00024.jpg,non-eye
neg_00025.jpg,non-eye
neg_00026.jpg,non-eye
neg_00027.jpg,non-eye
neg_00028.jpg,non-eye
neg_00029.jpg,non-eye
neg_00030.jpg,non-eye
neg_00031.jpg,non-eye
neg_00032.jpg,non-eye
neg_00033.jpg,non-eye
neg_00034.jpg,non-eye
neg_00035.jpg,non-eye
neg_00036.jpg,non-eye
neg_00037.jpg,non-eye
neg_00038.jpg,non-eye
neg_00039.jpg,non-eye
neg_00040.jpg,non-eye
neg_00041.jpg,non-eye
neg_00042.jpg,non-eye
neg_00043.jpg,non-eye
neg_00044.jpg,non-eye
neg_00045.jpg,non-eye
neg_00046.jpg,non-eye
neg_00047.jpg,non-eye
neg_00048.jpg,non-eye
neg_00049.jpg,non-eye
neg_00050.jpg,non-eye
neg_00051.jpg,non-eye
neg_00052.jpg,non-eye
neg_00053.jpg,non-eye
neg_00054.jpg,non-eye
neg_00055.jpg,non-eye
neg_00056.jpg,non-eye
neg_00057.jpg,non-eye
neg_00058.jpg,non-eye
neg_00059.jpg,non-eye
neg_00060.jpg,non-eye
neg_00061.jpg,non-eye
neg_00062.jpg,non-eye
neg_00063.jpg,non-eye
neg_00064.jpg,non-eye
neg_00065.jpg,non-eye
neg_00066.jpg,non-eye
neg_00067.jpg,non-eye
neg_00068.jpg,non-eye
neg_00069.jpg,non-eye
neg_00070.jpg,non-eye
neg_00071.jpg,non-eye
neg_00072.jpg,non-eye
neg_00073.jpg,non-eye
neg_00074.jpg,non-eye
neg_00075.jpg,non-eye
neg_00076.jpg,non-eye
neg_00077.jpg,non-eye
neg_00078.jpg,non-eye
neg_00079.jpg,non-eye
neg_00080.jpg,non-eye
neg_00081.jpg,non-eye
neg_00082.jpg,non-eye
neg_00083.jpg,non-eye
neg_00084.jpg,non-eye
neg_00085.jpg,non-eye
neg_00086.jpg,non-eye
neg_00087.jpg,non-eye
neg_00088.jpg,non-eye
neg_00089.jpg,non-eye
neg_00090.jpg,non-eye
neg_00091.jpg,non-eye
neg_00092.jpg,non-eye
neg_00093.jpg,non-eye
neg_00094.jpg,non-eye
neg_00095.jpg,non-eye
neg_00096.jpg,non-eye
neg_00097.jpg,non-eye
neg_00098.jpg,non-eye
neg_00099.jpg,non-eye
neg_00100.jpg,non-eye
neg_00101.jpg,non-eye
neg_00102.jpg,non-eye
neg_00103.jpg,non-eye
neg_00104.jpg,non-eye
neg_00105.jpg,non-eye
neg_00106.jpg,non-eye
neg_00107.jpg,non-eye
neg_00108.jpg,non-eye
neg_00109.jpg,non-eye
neg_00110.jpg,non-eye
neg_00111.jpg,non-eye
neg_00112.jpg,non-eye
neg_00113.jpg,non-eye
neg_00114.jpg,non-eye
neg_00115.jpg,non-eye
neg_00116.jpg,non-eye
neg_00117.jpg,non-eye
neg_00118.jpg,non-eye
neg_00119.jpg,non-eye
neg_00120.jpg,non-eye
neg_00121.jpg,non-eye
neg_00122.jpg,non-eye
neg_00123.jpg,non-eye
neg_00124.jpg,non-eye
neg_00125.jpg,non-eye
neg_00126.jpg,non-eye
neg_00127.jpg,non-eye
neg_00128.jpg,non-eye
neg_00129.jpg,non-eye
neg_00130.jpg,non-eye
neg_00131.jpg,non-eye
neg_00132.jpg,non-eye
neg_00133.jpg,non-eye
neg_00134.jpg,non-eye
neg_00135.jpg,non-eye
neg_00136.jpg,non-eye
neg_00137.jpg,non-eye
neg_00138.jpg,non-eye
neg_00139.jpg,non-eye
neg_00140.jpg,non-eye
neg_00141.jpg,non-eye
neg_00142.jpg,non-eye
neg_00143.jpg,non-eye
neg_00144.jpg,non-eye
neg_00145.jpg,non-eye
neg_00146.jpg,non-eye
neg_00147.jpg,non-eye
neg_00148.jpg,non-eye
neg_00149.jpg,non-eye
neg_00150.jpg,non-eye
neg_00151.jpg,non-eye
neg_00152.jpg,non-eye
neg_00153.jpg,non-eye
neg_00154.jpg,non-eye
neg_00155.jpg,non-eye
neg_00156.jpg,non-eye
neg_00157.jpg,non-eye
neg_00158.jpg,non-eye
neg_00159.jpg,non-eye
neg_00160.jpg,non-eye
neg_00161.jpg,non-eye
neg_00162.jpg,non-eye
neg_00163.jpg,non-eye
neg_00164.jpg,non-eye
neg_00165.jpg,non-eye
neg_00166.jpg,non-eye
neg_00167.jpg,non-eye
neg_00168.jpg,non-eye
neg_00169.jpg,non-eye
neg_00170.jpg,non-eye
neg_00171.jpg,non-eye
neg_00172.jpg,non-eye